{"cameraMode":{"drawMode":0,"name":"Shaded","section":"Shading Mode"},"sceneLighting":true,"audioPlay":false,"sceneViewState":{"m_AlwaysRefresh":false,"showFog":true,"showSkybox":true,"showFlares":true,"showImageEffects":true,"showParticleSystems":true,"showVisualEffectGraphs":true,"m_FxEnabled":true},"in2DMode":false,"pivot":{"x":5.309488296508789,"y":-5.551418304443359,"z":77.98004913330078},"rotation":{"x":0.09744947403669357,"y":-0.061051029711961749,"z":0.006660544779151678,"w":0.993590772151947},"size":29.297122955322267,"orthographic":false}